               epoch,      train/box_loss,      train/obj_loss,      train/cls_loss,   metrics/precision,      metrics/recall,     metrics/mAP_0.5,metrics/mAP_0.5:0.95,        val/box_loss,        val/obj_loss,        val/cls_loss,               x/lr0,               x/lr1,               x/lr2
                   0,            0.092468,            0.022724,                   0,             0.23299,             0.54286,             0.42631,             0.12034,            0.051072,            0.013698,                   0,            0.070273,            0.003303,            0.003303
                   1,            0.065278,            0.018171,                   0,           0.0033333,                   1,             0.31004,            0.075076,            0.047792,            0.010623,                   0,            0.040054,           0.0064174,           0.0064174
                   2,            0.056178,            0.017269,                   0,            0.007619,                   1,             0.76902,             0.31739,            0.041706,           0.0097237,                   0,           0.0096147,           0.0093117,           0.0093117
                   3,            0.045097,            0.016794,                   0,             0.57822,             0.86178,             0.87864,             0.44747,            0.036453,           0.0075175,                   0,             0.00901,             0.00901,             0.00901
                   4,            0.038586,             0.01435,                   0,                   1,             0.84195,             0.90963,             0.37257,            0.042056,           0.0054747,                   0,             0.00901,             0.00901,             0.00901
                   5,            0.036155,            0.012467,                   0,             0.86642,             0.85714,             0.92643,             0.54592,            0.028911,           0.0050202,                   0,             0.00868,             0.00868,             0.00868
                   6,            0.032372,            0.010482,                   0,                   1,             0.87487,              0.9728,             0.70156,            0.025818,           0.0039482,                   0,             0.00835,             0.00835,             0.00835
