               epoch,      train/box_loss,      train/obj_loss,      train/cls_loss,   metrics/precision,      metrics/recall,     metrics/mAP_0.5,metrics/mAP_0.5:0.95,        val/box_loss,        val/obj_loss,        val/cls_loss,               x/lr0,               x/lr1,               x/lr2
                   0,            0.089797,             0.02239,                   0,            0.067769,             0.85714,             0.34253,             0.06308,            0.054481,            0.013098,                   0,            0.070136,           0.0033182,           0.0033182
                   1,            0.065185,            0.017841,                   0,           0.0033333,                   1,             0.63485,              0.1557,             0.04345,            0.010224,                   0,            0.039807,           0.0063223,           0.0063223
